Culling ,Site,Transect,Category,Percentage cover,,
Yes,Divemaster's choice,1,Hard Coral,24,,
Yes,Divemaster's choice,2,Hard Coral,28,,
Yes,Divemaster's choice,3,Hard Coral,24,,
Yes,Fish Den,1,Hard Coral,26,,
Yes,Fish Den,2,Hard Coral,25,,
Yes,Fish Den,3,Hard Coral,20,,
Yes,Dixies,1,Hard Coral,22,,
Yes,Dixies,2,Hard Coral,22,,
Yes,Dixies,3,Hard Coral,21,,
No,Spooky Channel,1,Hard Coral,28,,
No,Spooky Channel,2,Hard Coral,22,,
No,Spooky Channel,3,Hard Coral,19,,
No,Barrys Reef,1,Hard Coral,21,,
No,Barrys Reef,2,Hard Coral,21,,
No,Barrys Reef,3,Hard Coral,20,,
No,Lynns Arena,1,Hard Coral,20,,
No,Lynns Arena,2,Hard Coral,21,,
No,Lynns Arena,3,Hard Coral,17,,
