Culling,Site,Transect,Point,Substrate Height (cm)
Yes,Divemaster's choice,1,1,60
Yes,Divemaster's choice,1,2,45
Yes,Divemaster's choice,1,3,30
Yes,Divemaster's choice,1,4,45
Yes,Divemaster's choice,1,5,20
Yes,Divemaster's choice,1,6,25
Yes,Divemaster's choice,1,7,80
Yes,Divemaster's choice,1,8,30
Yes,Divemaster's choice,1,9,40
Yes,Divemaster's choice,1,10,50
Yes,Divemaster's choice,1,11,35
Yes,Divemaster's choice,2,1,55
Yes,Divemaster's choice,2,2,45
Yes,Divemaster's choice,2,3,60
Yes,Divemaster's choice,2,4,50
Yes,Divemaster's choice,2,5,60
Yes,Divemaster's choice,2,6,80
Yes,Divemaster's choice,2,7,40
Yes,Divemaster's choice,2,8,50
Yes,Divemaster's choice,2,9,40
Yes,Divemaster's choice,2,10,25
Yes,Divemaster's choice,2,11,30
Yes,Divemaster's choice,3,1,35
Yes,Divemaster's choice,3,2,30
Yes,Divemaster's choice,3,3,40
Yes,Divemaster's choice,3,4,45
Yes,Divemaster's choice,3,5,30
Yes,Divemaster's choice,3,6,50
Yes,Divemaster's choice,3,7,40
Yes,Divemaster's choice,3,8,50
Yes,Divemaster's choice,3,9,40
Yes,Divemaster's choice,3,10,50
Yes,Divemaster's choice,3,11,30
Yes,Fish Den,1,1,70
Yes,Fish Den,1,2,50
Yes,Fish Den,1,3,80
Yes,Fish Den,1,4,50
Yes,Fish Den,1,5,45
Yes,Fish Den,1,6,45
Yes,Fish Den,1,7,90
Yes,Fish Den,1,8,40
Yes,Fish Den,1,9,40
Yes,Fish Den,1,10,30
Yes,Fish Den,1,11,45
Yes,Fish Den,2,1,50
Yes,Fish Den,2,2,30
Yes,Fish Den,2,3,30
Yes,Fish Den,2,4,40
Yes,Fish Den,2,5,40
Yes,Fish Den,2,6,20
Yes,Fish Den,2,7,60
Yes,Fish Den,2,8,65
Yes,Fish Den,2,9,50
Yes,Fish Den,2,10,50
Yes,Fish Den,2,11,30
Yes,Fish Den,3,1,40
Yes,Fish Den,3,2,35
Yes,Fish Den,3,3,40
Yes,Fish Den,3,4,30
Yes,Fish Den,3,5,35
Yes,Fish Den,3,6,55
Yes,Fish Den,3,7,60
Yes,Fish Den,3,8,60
Yes,Fish Den,3,9,40
Yes,Fish Den,3,10,50
Yes,Fish Den,3,11,40
Yes,Dixies,1,1,60
Yes,Dixies,1,2,80
Yes,Dixies,1,3,50
Yes,Dixies,1,4,30
Yes,Dixies,1,5,60
Yes,Dixies,1,6,50
Yes,Dixies,1,7,50
Yes,Dixies,1,8,40
Yes,Dixies,1,9,40
Yes,Dixies,1,10,30
Yes,Dixies,1,11,65
Yes,Dixies,2,1,50
Yes,Dixies,2,2,25
Yes,Dixies,2,3,40
Yes,Dixies,2,4,35
Yes,Dixies,2,5,70
Yes,Dixies,2,6,50
Yes,Dixies,2,7,25
Yes,Dixies,2,8,50
Yes,Dixies,2,9,100
Yes,Dixies,2,10,30
Yes,Dixies,2,11,40
Yes,Dixies,3,1,60
Yes,Dixies,3,2,45
Yes,Dixies,3,3,40
Yes,Dixies,3,4,70
Yes,Dixies,3,5,40
Yes,Dixies,3,6,50
Yes,Dixies,3,7,35
Yes,Dixies,3,8,45
Yes,Dixies,3,9,40
Yes,Dixies,3,10,90
Yes,Dixies,3,11,50
No,Spooky Channel,1,1,60
No,Spooky Channel,1,2,50
No,Spooky Channel,1,3,50
No,Spooky Channel,1,4,80
No,Spooky Channel,1,5,70
No,Spooky Channel,1,6,30
No,Spooky Channel,1,7,100
No,Spooky Channel,1,8,60
No,Spooky Channel,1,9,50
No,Spooky Channel,1,10,45
No,Spooky Channel,1,11,40
No,Spooky Channel,2,1,70
No,Spooky Channel,2,2,30
No,Spooky Channel,2,3,35
No,Spooky Channel,2,4,60
No,Spooky Channel,2,5,40
No,Spooky Channel,2,6,40
No,Spooky Channel,2,7,40
No,Spooky Channel,2,8,60
No,Spooky Channel,2,9,60
No,Spooky Channel,2,10,50
No,Spooky Channel,2,11,40
No,Spooky Channel,3,1,80
No,Spooky Channel,3,2,55
No,Spooky Channel,3,3,50
No,Spooky Channel,3,4,55
No,Spooky Channel,3,5,100
No,Spooky Channel,3,6,40
No,Spooky Channel,3,7,50
No,Spooky Channel,3,8,50
No,Spooky Channel,3,9,60
No,Spooky Channel,3,10,35
No,Spooky Channel,3,11,50
No,Barry's Reef,1,1,50
No,Barry's Reef,1,2,45
No,Barry's Reef,1,3,35
No,Barry's Reef,1,4,50
No,Barry's Reef,1,5,40
No,Barry's Reef,1,6,20
No,Barry's Reef,1,7,25
No,Barry's Reef,1,8,60
No,Barry's Reef,1,9,40
No,Barry's Reef,1,10,30
No,Barry's Reef,1,11,45
No,Barry's Reef,2,1,50
No,Barry's Reef,2,2,50
No,Barry's Reef,2,3,40
No,Barry's Reef,2,4,35
No,Barry's Reef,2,5,40
No,Barry's Reef,2,6,70
No,Barry's Reef,2,7,50
No,Barry's Reef,2,8,80
No,Barry's Reef,2,9,30
No,Barry's Reef,2,10,50
No,Barry's Reef,2,11,50
No,Barry's Reef,3,1,50
No,Barry's Reef,3,2,50
No,Barry's Reef,3,3,40
No,Barry's Reef,3,4,60
No,Barry's Reef,3,5,50
No,Barry's Reef,3,6,60
No,Barry's Reef,3,7,50
No,Barry's Reef,3,8,40
No,Barry's Reef,3,9,50
No,Barry's Reef,3,10,30
No,Barry's Reef,3,11,40
No,Lynn's Arena,1,1,30
No,Lynn's Arena,1,2,70
No,Lynn's Arena,1,3,60
No,Lynn's Arena,1,4,25
No,Lynn's Arena,1,5,10
No,Lynn's Arena,1,6,25
No,Lynn's Arena,1,7,50
No,Lynn's Arena,1,8,20
No,Lynn's Arena,1,9,15
No,Lynn's Arena,1,10,40
No,Lynn's Arena,1,11,35
No,Lynn's Arena,2,1,30
No,Lynn's Arena,2,2,65
No,Lynn's Arena,2,3,50
No,Lynn's Arena,2,4,30
No,Lynn's Arena,2,5,40
No,Lynn's Arena,2,6,15
No,Lynn's Arena,2,7,25
No,Lynn's Arena,2,8,40
No,Lynn's Arena,2,9,40
No,Lynn's Arena,2,10,40
No,Lynn's Arena,2,11,30
No,Lynn's Arena,3,1,45
No,Lynn's Arena,3,2,70
No,Lynn's Arena,3,3,40
No,Lynn's Arena,3,4,60
No,Lynn's Arena,3,5,25
No,Lynn's Arena,3,6,30
No,Lynn's Arena,3,7,50
No,Lynn's Arena,3,8,30
No,Lynn's Arena,3,9,40
No,Lynn's Arena,3,10,20
No,Lynn's Arena,3,11,35
