Tank,FishID,Treatment,FishSize
1,1,1-LowFood,26.1
1,2,1-LowFood,23.2
1,3,1-LowFood,24.8
1,4,1-LowFood,31.9
1,5,1-LowFood,24.0
1,6,1-LowFood,24.2
2,7,1-LowFood,33.7
2,8,1-LowFood,32.8
2,9,1-LowFood,27.5
2,10,1-LowFood,31.7
2,11,1-LowFood,40.0
2,12,1-LowFood,40.2
3,13,1-LowFood,33.1
3,14,1-LowFood,29.1
3,15,1-LowFood,38.5
3,16,1-LowFood,32.9
3,17,1-LowFood,31.7
3,18,1-LowFood,36.8
4,19,2-MedFood,35.1
4,20,2-MedFood,34.8
4,21,2-MedFood,27.9
4,22,2-MedFood,41.4
4,23,2-MedFood,38.9
4,24,2-MedFood,41.8
5,25,2-MedFood,44.6
5,26,2-MedFood,40.7
5,27,2-MedFood,36.1
5,28,2-MedFood,40.8
5,29,2-MedFood,46.9
5,30,2-MedFood,46.7
6,31,2-MedFood,40.2
6,32,2-MedFood,42.1
6,33,2-MedFood,44.2
6,34,2-MedFood,46.5
6,35,2-MedFood,41.1
6,36,2-MedFood,45.1
7,37,3-HighFood,50.3
7,38,3-HighFood,49.8
7,39,3-HighFood,54.9
7,40,3-HighFood,46.3
7,41,3-HighFood,59.0
7,42,3-HighFood,52.7
8,43,3-HighFood,41.9
8,44,3-HighFood,47.4
8,45,3-HighFood,51.6
8,46,3-HighFood,49.0
8,47,3-HighFood,49.8
8,48,3-HighFood,44.7
9,49,3-HighFood,52.6
9,50,3-HighFood,52.1
9,51,3-HighFood,53.4
9,52,3-HighFood,56.6
9,53,3-HighFood,47.9
9,54,3-HighFood,52.9
