Tank,FishID,Treatment,Month,FishSize
1,1,1-LowFood,1,4.9
1,1,1-LowFood,2,11.0
1,1,1-LowFood,3,17.7
1,1,1-LowFood,4,6.7
1,1,1-LowFood,5,22.0
1,1,1-LowFood,6,17.6
1,2,1-LowFood,1,2.1
1,2,1-LowFood,2,14.6
1,2,1-LowFood,3,9.5
1,2,1-LowFood,4,12.2
1,2,1-LowFood,5,23.3
1,2,1-LowFood,6,33.5
1,3,1-LowFood,1,7.3
1,3,1-LowFood,2,4.7
1,3,1-LowFood,3,9.2
1,3,1-LowFood,4,21.3
1,3,1-LowFood,5,22.9
1,3,1-LowFood,6,31.9
1,4,1-LowFood,1,1.2
1,4,1-LowFood,2,2.5
1,4,1-LowFood,3,13.6
1,4,1-LowFood,4,14.0
1,4,1-LowFood,5,25.5
1,4,1-LowFood,6,37.0
1,5,1-LowFood,1,4.6
1,5,1-LowFood,2,6.7
1,5,1-LowFood,3,6.2
1,5,1-LowFood,4,14.0
1,5,1-LowFood,5,20.9
1,5,1-LowFood,6,22.7
1,6,1-LowFood,1,8.4
1,6,1-LowFood,2,4.4
1,6,1-LowFood,3,15.8
1,6,1-LowFood,4,25.9
1,6,1-LowFood,5,21.3
1,6,1-LowFood,6,29.7
2,7,1-LowFood,1,18.7
2,7,1-LowFood,2,16.5
2,7,1-LowFood,3,19.3
2,7,1-LowFood,4,13.2
2,7,1-LowFood,5,23.7
2,7,1-LowFood,6,35.2
2,8,1-LowFood,1,7.1
2,8,1-LowFood,2,18.1
2,8,1-LowFood,3,24.4
2,8,1-LowFood,4,24.3
2,8,1-LowFood,5,29.7
2,8,1-LowFood,6,34.4
2,9,1-LowFood,1,7.9
2,9,1-LowFood,2,17.9
2,9,1-LowFood,3,20.4
2,9,1-LowFood,4,19.6
2,9,1-LowFood,5,31.1
2,9,1-LowFood,6,32.0
2,10,1-LowFood,1,3.9
2,10,1-LowFood,2,7.5
2,10,1-LowFood,3,15.4
2,10,1-LowFood,4,27.0
2,10,1-LowFood,5,27.5
2,10,1-LowFood,6,38.6
2,11,1-LowFood,1,-0.8
2,11,1-LowFood,2,12.6
2,11,1-LowFood,3,16.2
2,11,1-LowFood,4,23.8
2,11,1-LowFood,5,19.7
2,11,1-LowFood,6,34.3
2,12,1-LowFood,1,3.7
2,12,1-LowFood,2,14.6
2,12,1-LowFood,3,12.4
2,12,1-LowFood,4,32.4
2,12,1-LowFood,5,35.8
2,12,1-LowFood,6,30.3
3,13,1-LowFood,1,13.7
3,13,1-LowFood,2,4.4
3,13,1-LowFood,3,21.7
3,13,1-LowFood,4,25.7
3,13,1-LowFood,5,23.1
3,13,1-LowFood,6,30.9
3,14,1-LowFood,1,3.7
3,14,1-LowFood,2,8.4
3,14,1-LowFood,3,14.2
3,14,1-LowFood,4,16.9
3,14,1-LowFood,5,29.7
3,14,1-LowFood,6,38.5
3,15,1-LowFood,1,17.3
3,15,1-LowFood,2,5.7
3,15,1-LowFood,3,15.3
3,15,1-LowFood,4,20.5
3,15,1-LowFood,5,24.1
3,15,1-LowFood,6,27.1
3,16,1-LowFood,1,5.7
3,16,1-LowFood,2,14.8
3,16,1-LowFood,3,22.6
3,16,1-LowFood,4,25.6
3,16,1-LowFood,5,28.1
3,16,1-LowFood,6,34.0
3,17,1-LowFood,1,16.0
3,17,1-LowFood,2,7.1
3,17,1-LowFood,3,13.8
3,17,1-LowFood,4,18.6
3,17,1-LowFood,5,30.1
3,17,1-LowFood,6,29.6
3,18,1-LowFood,1,9.4
3,18,1-LowFood,2,15.0
3,18,1-LowFood,3,23.6
3,18,1-LowFood,4,17.2
3,18,1-LowFood,5,24.8
3,18,1-LowFood,6,27.8
4,19,2-MedFood,1,3.6
4,19,2-MedFood,2,16.2
4,19,2-MedFood,3,11.9
4,19,2-MedFood,4,25.2
4,19,2-MedFood,5,24.9
4,19,2-MedFood,6,30.6
4,20,2-MedFood,1,4.5
4,20,2-MedFood,2,13.6
4,20,2-MedFood,3,17.8
4,20,2-MedFood,4,24.1
4,20,2-MedFood,5,23.3
4,20,2-MedFood,6,32.1
4,21,2-MedFood,1,0.0
4,21,2-MedFood,2,28.3
4,21,2-MedFood,3,13.7
4,21,2-MedFood,4,20.2
4,21,2-MedFood,5,21.2
4,21,2-MedFood,6,42.2
4,22,2-MedFood,1,1.3
4,22,2-MedFood,2,14.5
4,22,2-MedFood,3,15.8
4,22,2-MedFood,4,25.7
4,22,2-MedFood,5,27.2
4,22,2-MedFood,6,36.6
4,23,2-MedFood,1,3.2
4,23,2-MedFood,2,14.1
4,23,2-MedFood,3,16.2
4,23,2-MedFood,4,20.4
4,23,2-MedFood,5,32.5
4,23,2-MedFood,6,29.3
5,24,2-MedFood,1,4.7
5,24,2-MedFood,2,16.7
5,24,2-MedFood,3,25.5
5,24,2-MedFood,4,27.0
5,24,2-MedFood,5,38.2
5,24,2-MedFood,6,39.7
5,25,2-MedFood,1,5.5
5,25,2-MedFood,2,14.3
5,25,2-MedFood,3,19.1
5,25,2-MedFood,4,17.2
5,25,2-MedFood,5,31.8
5,25,2-MedFood,6,48.2
5,26,2-MedFood,1,4.0
5,26,2-MedFood,2,20.3
5,26,2-MedFood,3,20.8
5,26,2-MedFood,4,30.1
5,26,2-MedFood,5,24.7
5,26,2-MedFood,6,34.9
5,27,2-MedFood,1,6.7
5,27,2-MedFood,2,14.0
5,27,2-MedFood,3,22.6
5,27,2-MedFood,4,24.9
5,27,2-MedFood,5,23.6
5,27,2-MedFood,6,35.9
5,28,2-MedFood,1,8.0
5,28,2-MedFood,2,13.0
5,28,2-MedFood,3,27.1
5,28,2-MedFood,4,28.0
5,28,2-MedFood,5,22.8
5,28,2-MedFood,6,44.0
5,29,2-MedFood,1,6.0
5,29,2-MedFood,2,14.6
5,29,2-MedFood,3,17.5
5,29,2-MedFood,4,17.0
5,29,2-MedFood,5,35.2
5,29,2-MedFood,6,50.6
6,30,2-MedFood,1,9.6
6,30,2-MedFood,2,18.9
6,30,2-MedFood,3,26.5
6,30,2-MedFood,4,31.8
6,30,2-MedFood,5,35.1
6,30,2-MedFood,6,45.3
6,31,2-MedFood,1,8.1
6,31,2-MedFood,2,17.8
6,31,2-MedFood,3,18.9
6,31,2-MedFood,4,25.2
6,31,2-MedFood,5,31.5
6,31,2-MedFood,6,38.1
6,32,2-MedFood,1,6.6
6,32,2-MedFood,2,19.5
6,32,2-MedFood,3,15.9
6,32,2-MedFood,4,35.2
6,32,2-MedFood,5,32.9
6,32,2-MedFood,6,43.6
6,33,2-MedFood,1,9.9
6,33,2-MedFood,2,16.7
6,33,2-MedFood,3,29.4
6,33,2-MedFood,4,27.1
6,33,2-MedFood,5,30.5
6,33,2-MedFood,6,39.3
6,34,2-MedFood,1,7.2
6,34,2-MedFood,2,16.5
6,34,2-MedFood,3,17.2
6,34,2-MedFood,4,27.3
6,34,2-MedFood,5,34.7
6,34,2-MedFood,6,36.0
6,35,2-MedFood,1,4.0
6,35,2-MedFood,2,19.3
6,35,2-MedFood,3,21.8
6,35,2-MedFood,4,25.5
6,35,2-MedFood,5,28.6
6,35,2-MedFood,6,38.7
7,36,3-HighFood,1,7.8
7,36,3-HighFood,2,26.7
7,36,3-HighFood,3,34.7
7,36,3-HighFood,4,43.4
7,36,3-HighFood,5,40.2
7,36,3-HighFood,6,52.6
7,37,3-HighFood,1,9.4
7,37,3-HighFood,2,12.1
7,37,3-HighFood,3,30.6
7,37,3-HighFood,4,34.2
7,37,3-HighFood,5,44.8
7,37,3-HighFood,6,45.6
7,38,3-HighFood,1,13.5
7,38,3-HighFood,2,20.4
7,38,3-HighFood,3,22.2
7,38,3-HighFood,4,45.9
7,38,3-HighFood,5,51.1
7,38,3-HighFood,6,45.7
7,39,3-HighFood,1,9.5
7,39,3-HighFood,2,21.9
7,39,3-HighFood,3,31.9
7,39,3-HighFood,4,36.7
7,39,3-HighFood,5,45.1
7,39,3-HighFood,6,50.9
7,40,3-HighFood,1,9.9
7,40,3-HighFood,2,18.3
7,40,3-HighFood,3,29.5
7,40,3-HighFood,4,53.6
7,40,3-HighFood,5,42.8
7,40,3-HighFood,6,54.8
7,41,3-HighFood,1,12.7
7,41,3-HighFood,2,13.1
7,41,3-HighFood,3,31.7
7,41,3-HighFood,4,36.8
7,41,3-HighFood,5,41.7
7,41,3-HighFood,6,46.5
8,42,3-HighFood,1,8.4
8,42,3-HighFood,2,23.6
8,42,3-HighFood,3,27.2
8,42,3-HighFood,4,31.1
8,42,3-HighFood,5,42.2
8,42,3-HighFood,6,46.8
8,43,3-HighFood,1,7.7
8,43,3-HighFood,2,19.7
8,43,3-HighFood,3,28.3
8,43,3-HighFood,4,38.3
8,43,3-HighFood,5,46.2
8,43,3-HighFood,6,44.3
8,44,3-HighFood,1,9.4
8,44,3-HighFood,2,25.8
8,44,3-HighFood,3,23.2
8,44,3-HighFood,4,33.0
8,44,3-HighFood,5,40.8
8,44,3-HighFood,6,50.8
8,45,3-HighFood,1,6.8
8,45,3-HighFood,2,21.6
8,45,3-HighFood,3,16.8
8,45,3-HighFood,4,36.6
8,45,3-HighFood,5,43.3
8,45,3-HighFood,6,51.3
8,46,3-HighFood,1,8.2
8,46,3-HighFood,2,23.8
8,46,3-HighFood,3,28.0
8,46,3-HighFood,4,29.9
8,46,3-HighFood,5,48.7
8,46,3-HighFood,6,49.9
8,47,3-HighFood,1,3.4
8,47,3-HighFood,2,26.1
8,47,3-HighFood,3,27.8
8,47,3-HighFood,4,43.5
8,47,3-HighFood,5,49.7
8,47,3-HighFood,6,50.1
9,48,3-HighFood,1,8.8
9,48,3-HighFood,2,17.1
9,48,3-HighFood,3,33.0
9,48,3-HighFood,4,41.0
9,48,3-HighFood,5,56.7
9,48,3-HighFood,6,50.4
9,49,3-HighFood,1,13.6
9,49,3-HighFood,2,26.5
9,49,3-HighFood,3,37.0
9,49,3-HighFood,4,51.1
9,49,3-HighFood,5,55.2
9,49,3-HighFood,6,54.9
9,50,3-HighFood,1,10.8
9,50,3-HighFood,2,24.1
9,50,3-HighFood,3,40.2
9,50,3-HighFood,4,49.2
9,50,3-HighFood,5,42.8
9,50,3-HighFood,6,48.0
9,51,3-HighFood,1,18.2
9,51,3-HighFood,2,18.6
9,51,3-HighFood,3,38.2
9,51,3-HighFood,4,45.6
9,51,3-HighFood,5,46.1
9,51,3-HighFood,6,57.8
9,52,3-HighFood,1,13.6
9,52,3-HighFood,2,26.1
9,52,3-HighFood,3,29.5
9,52,3-HighFood,4,41.1
9,52,3-HighFood,5,45.3
9,52,3-HighFood,6,58.3
9,53,3-HighFood,1,13.9
9,53,3-HighFood,2,21.9
9,53,3-HighFood,3,33.0
9,53,3-HighFood,4,41.3
9,53,3-HighFood,5,43.6
9,53,3-HighFood,6,58.6
,,,,
,,,,
,,,,
,,,,
,,,,
,,,,
,,,,
,,,,
,,,,
,,,,
,,,,
,,,,
,,,,
,,,,
,,,,
,,,,
,,,,
,,,,
,,,,
,,,,
,,,,
,,,,
,,,,
,,,,
,,,,
,,,,
,,,,
,,,,
,,,,
,,,,
,,,,
,,,,
,,,,
,,,,
,,,,
,,,,
,,,,
,,,,
,,,,
,,,,
,,,,
,,,,
,,,,
,,,,
,,,,
,,,,
,,,,
,,,,
,,,,
,,,,
,,,,
,,,,
,,,,
,,,,
,,,,
,,,,
,,,,
,,,,
,,,,
,,,,
,,,,
,,,,
,,,,
