Tank,FishID,Treatment,FishSize,FishSizeSecondMeasurement
1,1,1-LowFood,21.6,18.4
1,2,1-LowFood,21.3,24.5
1,3,1-LowFood,21.7,18.9
1,4,1-LowFood,28.0,22.4
1,5,1-LowFood,19.6,20.2
1,6,1-LowFood,32.4,35.0
2,7,1-LowFood,34.7,31.6
2,8,1-LowFood,38.8,34.1
2,9,1-LowFood,39.5,39.9
2,10,1-LowFood,26.4,27.5
2,11,1-LowFood,36.2,32.6
2,12,1-LowFood,31.2,34.3
3,13,1-LowFood,28.9,30.1
3,14,1-LowFood,30.6,25.4
3,15,1-LowFood,35.7,40.7
3,16,1-LowFood,23.3,21.0
3,17,1-LowFood,34.9,37.0
3,18,1-LowFood,39.8,37.8
4,19,2-MedFood,36.4,37.5
4,20,2-MedFood,31.3,27.6
4,21,2-MedFood,29.7,24.1
4,22,2-MedFood,31.6,35.4
4,23,2-MedFood,45.5,48.7
4,24,2-MedFood,41.3,37.2
5,25,2-MedFood,35.8,29.4
5,26,2-MedFood,42.3,46.1
5,27,2-MedFood,43.2,44.5
5,28,2-MedFood,34.8,32.4
5,29,2-MedFood,35.5,30.9
5,30,2-MedFood,44.8,42.6
6,31,2-MedFood,41.1,45.2
6,32,2-MedFood,40.5,42.9
6,33,2-MedFood,43.5,45.2
6,34,2-MedFood,36.6,37.0
6,35,2-MedFood,43.8,41.6
6,36,2-MedFood,41.8,48.5
7,37,3-HighFood,48.0,44.1
7,38,3-HighFood,60.1,51.7
7,39,3-HighFood,54.5,53.4
7,40,3-HighFood,51.9,51.9
7,41,3-HighFood,48.0,55.7
7,42,3-HighFood,56.6,47.0
8,43,3-HighFood,50.5,60.0
8,44,3-HighFood,43.3,37.2
8,45,3-HighFood,54.9,60.9
8,46,3-HighFood,42.5,49.3
8,47,3-HighFood,39.5,40.7
8,48,3-HighFood,48.3,44.5
9,49,3-HighFood,53.2,58.0
9,50,3-HighFood,60.6,64.8
9,51,3-HighFood,47.8,44.0
9,52,3-HighFood,57.6,64.0
9,53,3-HighFood,47.5,45.1
9,54,3-HighFood,46.0,39.1
