Culling,Site,Transect,Family,Species,Scientific name,Number ,Size
Yes,Dixies,1,Pteroinae,Lionfish,Pterois volitans,1,30
Yes,Dixies,2,Lutjanidae,Mutton Snapper,Lutjanus analis,1,40
Yes,Dixies,2,Lutjanidae,Mutton Snapper,Lutjanus analis,1,60
Yes,Dixies,2,Serranidae,Tiger Grouper,Mycteroperca tigris,1,60
Yes,Dixies,3,Lutjanidae,Mutton Snapper,Lutjanus analis,1,40
Yes,Dixies,3,Serranidae,Yellowfin Grouper,Mycteroperca venenosa,1,80
Yes,Divemaster,1,Lutjanidae,Mutton Snapper,Lutjanus analis,1,60
Yes,Divemaster,2,Pteroinae,Lionfish,Pterois volitans,1,20
Yes,Divemaster,2,Lutjanidae,Mutton Snapper,Lutjanus analis,1,50
Yes,Divemaster,2,Lutjanidae,Yellowtail Snapper,Ocyurus chrysurus,1,30
Yes,Divemaster,3,Lutjanidae,Mutton Snapper,Lutjanus analis,1,40
Yes,Fish Den ,2,Lutjanidae,Mutton Snapper,Lutjanus analis,1,50
Yes,Fish Den ,2,Lutjanidae,Schoolmaster,Lutjanus apodus,2,40
Yes,Fish Den ,2,Serranidae,Tiger Grouper,Mycteroperca tigris,1,50
Yes,Fish Den ,3,Lutjanidae,Yellowtail Snapper,Ocyurus chrysurus,1,40
Yes,Fish Den ,3,Lutjanidae,Schoolmaster,Lutjanus apodus,1,30
Yes,Fish Den ,3,Lutjanidae,Schoolmaster,Lutjanus apodus,1,40
Yes,Fish Den ,3,Serranidae,Tiger Grouper,Mycteroperca tigris,1,50
No,Spooky Channel,1,Pteroinae,Lionfish,Pterois volitans,1,40
No,Spooky Channel,1,Pteroinae,Lionfish,Pterois volitans,2,35
No,Spooky Channel,1,Lutjanidae,Yellowtail Snapper,Ocyurus chrysurus,1,30
No,Spooky Channel,2,Pteroinae,Lionfish,Pterois volitans,1,25
No,Spooky Channel,2,Pteroinae,Lionfish,Pterois volitans,1,35
No,Spooky Channel,2,Pteroinae,Lionfish,Pterois volitans,1,30
No,Spooky Channel,2,Lutjanidae,Yellowtail Snapper,Ocyurus chrysurus,1,30
No,Spooky Channel,2,Serranidae,Black Grouper,Mycteroperca bonaci,1,70
No,Spooky Channel,3,Pteroinae,Lionfish,Pterois volitans,2,30
No,Spooky Channel,3,Pteroinae,Lionfish,Pterois volitans,1,25
No,Spooky Channel,3,Pteroinae,Lionfish,Pterois volitans,1,35
No,Spooky Channel,3,Lutjanidae,Yellowtail Snapper,Ocyurus chrysurus,1,30
No,Barrys Reef,1,Pteroinae,Lionfish,Pterois volitans,1,30
No,Barrys Reef,1,Pteroinae,Lionfish,Pterois volitans,1,40
No,Barrys Reef,1,Serranidae,Tiger Grouper,Mycteroperca tigris,1,40
No,Barrys Reef,1,Serranidae,Tiger Grouper,Mycteroperca tigris,1,80
No,Barrys Reef,1,Serranidae,Black Grouper,Mycteroperca bonaci,1,20
No,Barrys Reef,1,Serranidae,Yellowmouth Grouper,Mycteroperca interstitialis,1,50
No,Barrys Reef,2,Pteroinae,Lionfish,Pterois volitans,1,30
No,Barrys Reef,2,Pteroinae,Lionfish,Pterois volitans,1,35
No,Barrys Reef,2,Lutjanidae,Mutton Snapper,Lutjanus analis,2,60
No,Barrys Reef,2,Serranidae,Tiger Grouper,Mycteroperca tigris,1,70
No,Barrys Reef,2,Serranidae,Black Grouper,Mycteroperca bonaci,1,70
No,Barrys Reef,2,Serranidae,Black Grouper,Mycteroperca bonaci,1,90
No,Barrys Reef,3,Pteroinae,Lionfish,Pterois volitans,2,35
No,Barrys Reef,3,Lutjanidae,Schoolmaster,Lutjanus apodus,1,30
No,Barrys Reef,3,Lutjanidae,Schoolmaster,Lutjanus apodus,2,40
No,Lynns Arena,1,Pteroinae,Lionfish,Pterois volitans,1,35
No,Lynns Arena,1,Pteroinae,Lionfish,Pterois volitans,1,40
No,Lynns Arena,1,Lutjanidae,Schoolmaster,Lutjanus apodus,1,40
No,Lynns Arena,1,Lutjanidae,Schoolmaster,Lutjanus apodus,1,35
No,Lynns Arena,1,Serranidae,Tiger Grouper,Mycteroperca tigris,1,60
No,Lynns Arena,1,Serranidae,Black Grouper,Mycteroperca bonaci,1,60
No,Lynns Arena,1,Serranidae,Black Grouper,Mycteroperca bonaci,1,50
No,Lynns Arena,1,Serranidae,Yellowfin Grouper,Mycteroperca venenosa,1,80
No,Lynns Arena,2,Pteroinae,Lionfish,Pterois volitans,1,30
No,Lynns Arena,2,Pteroinae,Lionfish,Pterois volitans,1,35
No,Lynns Arena,2,Serranidae,Black Grouper,Mycteroperca bonaci,1,60
No,Lynns Arena,3,Pteroinae,Lionfish,Pterois volitans,1,30
No,Lynns Arena,3,Lutjanidae,Schoolmaster,Lutjanus apodus,1,30
No,Lynns Arena,3,Serranidae,Black Grouper,Mycteroperca bonaci,1,60
