deployment_id,action,Date,Time
1,set,"July 4th, 2017",3:00:00 PM
1,haul,"July 5th, 2017",10:00:00 AM
2,set,"July 4th, 2017",2:00:00 PM
2,haul,"July 6th, 2017",11:00:00 AM
3,set,"June 20th, 2017",3:00:00 AM
3,haul,"June 22nd, 2017",3:00:00 PM
4,set,"June 21st, 2017",3:00:00 PM
4,haul,"September 2nd, 2017",10:00:00 AM
5,set,"June 1st, 2017",2:00:00 PM
5,haul,"June 2nd, 2017",11:00:00 AM
6,set,"June 4th, 2017",3:00:00 AM
6,haul,"June 6th, 2017",3:00:00 PM
7,set,"December 21st, 2017",3:00:00 PM
7,haul,"January 3rd, 2018",10:00:00 AM
8,set,"February 1st, 2018",1:00:00 PM
8,haul,"February 2nd, 2018",11:00:00 AM
9,set,"July 21st, 2017",3:00:00 AM
9,haul,"July 24th, 2017",3:00:00 PM
10,set,"August 1st, 2017",3:00:00 PM
10,haul,"August 3rd, 2017",10:00:00 AM
